[
  {
    "user_email": "python_dev@gmail.com",
    "job_id": null,
    "job_title": "1. chủ động tìm kiếm...",
    "employer_email": "employer9@test.com",
    "cover_letter": "Test application for AI scoring",
    "status": "pending",
    "applied_at": "2025-12-10T14:04:44.459434+00:00",
    "match_score": 2.17,
    "skills_extracted": [
      "java",
      "docker",
      "teamwork",
      "project management",
      "lập trình",
      "git",
      "problem solving",
      "python",
      "aws",
      "sql",
      "html",
      "django",
      "phát triển",
      "css",
      "react",
      "javascript",
      "communication",
      "kubernetes",
      "leadership"
    ],
    "ai_processed_at": "2025-12-10T14:04:44.465406+00:00"
  },
  {
    "user_email": "2200003087@nttu.edu.vn",
    "job_id": null,
    "job_title": "Digital Marketing Specialist",
    "employer_email": "employer_test@gmail.com",
    "cover_letter": "ứng tuyển",
    "status": "pending",
    "applied_at": "2025-12-10T14:06:03.476872+00:00",
    "match_score": 4.0,
    "skills_extracted": [
      "adaptable",
      "teamwork",
      "leadership",
      "analytical",
      "creative",
      "problem solving",
      "project management",
      "communication"
    ],
    "ai_processed_at": "2025-12-10T14:06:03.485830+00:00"
  },
  {
    "user_email": "hieu2004@gmail.com",
    "job_id": null,
    "job_title": "sáng tạo nội dung kênh...",
    "employer_email": "employer9@test.com",
    "cover_letter": "ứng tuyển ngay",
    "status": "pending",
    "applied_at": "2025-11-26T03:07:17.071006+00:00",
    "match_score": null,
    "skills_extracted": null,
    "ai_processed_at": null
  },
  {
    "user_email": "hieu2004@gmail.com",
    "job_id": null,
    "job_title": "phát triển giải pháp website...",
    "employer_email": "employer11@test.com",
    "cover_letter": "ứng tuyển",
    "status": "pending",
    "applied_at": "2025-11-26T07:16:51.686652+00:00",
    "match_score": null,
    "skills_extracted": null,
    "ai_processed_at": null
  },
  {
    "user_email": "2200003087@nttu.edu.vn",
    "job_id": null,
    "job_title": "adsota creative agency trực thuộc...",
    "employer_email": "employer6@test.com",
    "cover_letter": "iudu",
    "status": "pending",
    "applied_at": "2025-11-30T13:13:57.909576+00:00",
    "match_score": null,
    "skills_extracted": null,
    "ai_processed_at": null
  },
  {
    "user_email": "2200003087@nttu.edu.vn",
    "job_id": null,
    "job_title": "Thực hiện nhập kho...",
    "employer_email": "employer5@test.com",
    "cover_letter": "ứng tuyển",
    "status": "pending",
    "applied_at": "2025-12-03T05:22:30.892628+00:00",
    "match_score": null,
    "skills_extracted": null,
    "ai_processed_at": null
  },
  {
    "user_email": "2200003087@nttu.edu.vn",
    "job_id": null,
    "job_title": "hỗ trợ tham gia quy...",
    "employer_email": "employer11@test.com",
    "cover_letter": "ứng tuyển",
    "status": "accepted",
    "applied_at": "2025-12-03T05:24:34.114347+00:00",
    "match_score": null,
    "skills_extracted": null,
    "ai_processed_at": null
  },
  {
    "user_email": "2200003087@nttu.edu.vn",
    "job_id": null,
    "job_title": "theo dõi thu chi quỹ...",
    "employer_email": "employer7@test.com",
    "cover_letter": "ưng tuyển",
    "status": "pending",
    "applied_at": "2025-12-03T13:56:48.146686+00:00",
    "match_score": null,
    "skills_extracted": null,
    "ai_processed_at": null
  },
  {
    "user_email": "2200003087@nttu.edu.vn",
    "job_id": null,
    "job_title": "thiết kế ấn phẩm hỗ...",
    "employer_email": "DuongPhan@gmail.com",
    "cover_letter": "ứng tuyển",
    "status": "pending",
    "applied_at": "2025-12-03T14:43:54.268968+00:00",
    "match_score": null,
    "skills_extracted": null,
    "ai_processed_at": null
  },
  {
    "user_email": "2200003087@nttu.edu.vn",
    "job_id": null,
    "job_title": "tư vấn đào tạo liên...",
    "employer_email": "employer11@test.com",
    "cover_letter": "ứng tuyển",
    "status": "accepted",
    "applied_at": "2025-12-03T14:06:06.424898+00:00",
    "match_score": null,
    "skills_extracted": null,
    "ai_processed_at": null
  },
  {
    "user_email": "hieu2004@gmail.com",
    "job_id": null,
    "job_title": "thông tin yêu cầu mua...",
    "employer_email": "employer11@test.com",
    "cover_letter": "ứng tuyển",
    "status": "accepted",
    "applied_at": "2025-10-29T04:34:26.356754+00:00",
    "match_score": null,
    "skills_extracted": null,
    "ai_processed_at": null
  },
  {
    "user_email": "hieu2004@gmail.com",
    "job_id": null,
    "job_title": "lương khoản trích lương thực...",
    "employer_email": "employer11@test.com",
    "cover_letter": "ứng tuyển",
    "status": "accepted",
    "applied_at": "2025-10-29T04:29:35.578933+00:00",
    "match_score": 2.5,
    "skills_extracted": [
      "project management",
      "teamwork",
      "problem solving",
      "communication",
      "leadership",
      "analytical",
      "creative",
      "adaptable"
    ],
    "ai_processed_at": "2025-12-10T10:00:00+00:00"
  },
  {
    "user_email": "python_dev@gmail.com",
    "job_id": null,
    "job_title": "Senior Python Developer",
    "employer_email": "employer_test@gmail.com",
    "cover_letter": "I am interested in this position",
    "status": "pending",
    "applied_at": "2025-12-10T13:55:38.984607+00:00",
    "match_score": 4.94,
    "skills_extracted": [
      "aws",
      "react",
      "sql",
      "communication",
      "java",
      "django",
      "javascript",
      "phát triển",
      "project management",
      "html",
      "python",
      "css",
      "docker",
      "problem solving",
      "kubernetes",
      "leadership",
      "lập trình",
      "teamwork",
      "git"
    ],
    "ai_processed_at": "2025-12-10T14:01:32.645878+00:00"
  },
  {
    "user_email": "python_dev@gmail.com",
    "job_id": null,
    "job_title": "Full Stack JavaScript Developer",
    "employer_email": "employer_test@gmail.com",
    "cover_letter": "Application for Full Stack JavaScript Developer",
    "status": "pending",
    "applied_at": "2025-12-10T13:55:39.017606+00:00",
    "match_score": 5.5,
    "skills_extracted": [
      "aws",
      "react",
      "sql",
      "communication",
      "java",
      "django",
      "javascript",
      "phát triển",
      "project management",
      "html",
      "python",
      "css",
      "docker",
      "problem solving",
      "kubernetes",
      "leadership",
      "lập trình",
      "teamwork",
      "git"
    ],
    "ai_processed_at": "2025-12-10T14:01:32.652050+00:00"
  },
  {
    "user_email": "python_dev@gmail.com",
    "job_id": null,
    "job_title": "Digital Marketing Specialist",
    "employer_email": "employer_test@gmail.com",
    "cover_letter": "Application for Digital Marketing Specialist",
    "status": "pending",
    "applied_at": "2025-12-10T13:55:39.024606+00:00",
    "match_score": 3.5,
    "skills_extracted": [
      "aws",
      "react",
      "sql",
      "communication",
      "java",
      "django",
      "javascript",
      "phát triển",
      "project management",
      "html",
      "python",
      "css",
      "docker",
      "problem solving",
      "kubernetes",
      "leadership",
      "lập trình",
      "teamwork",
      "git"
    ],
    "ai_processed_at": "2025-12-10T14:01:32.661082+00:00"
  }
]